kecepatanm/s;percepatan m/s;kecepatan_sudut_bt(rad/s);percepatan_sudut_bt(rad/s);sudut_kemiringan_bt(rad);percepatan_aksial(m/s);percepatan_lateral(m/s);magnitudo_vektor(m/s);beban_roda_depan(%);nomor_subjek;nomor_blok
109.855.749.548.857;0.22350894467489;-32.030.983.621.101;-15.769.788.505.675;-111.747.448.889.764;-338.767.012.182.328;-93.790.785.810.141;0.188357688590617;0.163530747937852;10;1
110.329.753.119.165;0.300545038587452;-324.200.017.875.835;390.954.880.241.435;-11.236.790.822.396;-341.574.045.788.202;-94.526.427.226.718;0.269003230538724;0.159171080484998;10;1
110.941.733.613.666;0.376646545254706;-315.955.018.960.771;838.044.729.969.047;-11.295.112.382.879;-343.099.383.476.827;-95.111.946.666.842;0.330382085994424;0.155816987029525;10;1
1.117.213.417.427;0.449869557900688;-29.489.342.994.955;129.450.603.922.526;-113.472.889.066.713;-344.011.875.736.042;-954.352.587.055.463;0.364678398361061;0.153990974669432;10;1
112.685.487.432.953;0.517779345400089;-261.002.686.881.961;172.716.394.228.372;-113.912.014.172.064;-345.650.650.496.245;-95.457.470.469.359;0.373585118509414;0.154231348007427;10;1
113.817.919.316.416;0.577702582988674;-214.769.226.893.195;210.467.355.192.805;-114.250.709.233.479;-348.981.423.103.639;-951.920.979.230.015;0.362622434468632;0.157139662234532;10;1
115.077.942.578.092;0.627076070435742;-157.840.060.749.112;240.167.444.419.423;-114.475.441.519.013;-354.034.017.055.109;-946.880.879.966.141;0.337303315349224;0.163344295701158;10;1
116.425.262.866.108;0.663724255057954;-935.823.369.120.709;260.269.718.115.572;-11.457.877.167.093;-360.004.970.289.059;-940.392.853.941.063;0.304089346464435;0.17336813941197;10;1
117.836.846.997.063;0.68600558871854;-268.531.121.239.711;270.495.618.210.112;-114.560.766.338.061;-365.412.635.916.585;-933.920.575.145.094;0.271453326413223;0.18739228194476;10;1
119.299.724.043.946;0.692906052269735;368.315.132.981.955;271.889.391.830.993;-11.442.919.991.391;-368.565.995.512.318;-929.310.406.980.531;0.250115724602594;0.204979183816709;10;1
120.791.105.380.079;0.684190290057808;925.003.961.753.513;266.559.005.877.143;-11.419.896.023.429;-368.637.136.376.666;-928.491.970.341.484;0.254244810704702;0.224887435763083;10;1
122.270.888.255.982;0.66062852054529;137.402.206.744.759;257.095.048.389.282;-113.889.996.741.877;-366.559.524.163.463;-93.298.757.595.512;0.300503838868924;0.245151627060274;10;1
123.678.994.536.868;0.624188693951884;172.955.215.452.238;245.788.168.932.649;-113.521.239.778.528;-364.595.317.902.749;-942.905.688.457.555;0.397130137639783;0.263554953309014;10;1
124.934.908.829.548;0.577997818349634;205.288.857.866.924;233.911.713.086.718;-113.101.404.907.514;-364.700.878.231.892;-955.561.737.828.841;0.524600445878995;0.278323311079631;10;1
125.974.010.940.529;0.525893976649321;242.346.795.763.492;221.405.143.720.527;-112.624.104.527.192;-367.117.323.452.939;-965.156.335.074.282;0.627475406655153;0.288618509388661;10;1
126.806.245.518.404;0.471586879556334;288.431.827.516.446;207.168.255.241.276;-112.073.411.702.532;-369.866.515.734.366;-965.113.163.681.653;0.635761263744861;0.294561460283844;10;1
1.275.184.065.005;0.417765133680751;340.494.755.889.985;189.855.241.797.371;-111.436.714.400.848;-369.537.350.498.592;-952.383.965.086.379;0.509141448971672;0.296845830044813;10;1
12.820.417.199.614;0.365645334291255;390.059.491.996.953;168.741.669.850.578;-110.714.625.931.938;-363.533.861.756.466;-930.119.785.251.201;0.269393991594129;0.296226468240183;10;1
128.895.471.463.525;0.315221484948304;429.216.781.984.925;144.188.978.833.156;-109.920.605.341.986;-351.752.518.871.591;-905.908.897.527.996;-0.0109759054785705;0.293210973566985;10;1
129.552.081.878.193;0.266004398893761;455.081.696.006.531;11.750.863.817.078;-109.072.456.296.246;-335.947.741.145.744;-88.730.250.724.197;-0.25273505625203;0.288074311032643;10;1
130.101.722.927.803;0.217739605419456;469.829.652.328.681;904.057.438.976.635;-10.818.342.304.928;-317.997.965.495.283;-878.509.866.859.875;-0.407070184845635;0.281040250003144;10;1
130.490.103.825.512;0.17067267748397;477.776.242.208.634;643.738.166.274.806;-107.258.712.553.823;-298.889.748.650.408;-879.893.456.880.357;-0.464661383385584;0.272435705459259;10;1
130.709.264.392.341;0.125271019019114;482.388.360.625.783;403.323.455.000.961;-106.298.285.897.978;-278.868.483.116.039;-88.927.491.971.389;-0.443558116007653;0.262720247192505;10;1
130.799.064.518.967;0.0816484544751132;485.110.104.540.816;185.787.564.380.811;-10.530.261.494.878;-258.088.957.691.353;-903.490.065.312.883;-0.372482359511979;0.252403411992553;10;1
130.830.838.770.275;0.0390992022915581;485.863.025.460.675;-105.031.414.626.654;-104.276.806.956.035;-236.890.163.435.318;-919.360.886.959.011;-0.280581224321498;0.241983161646513;10;1
130.877.754.132.565;-0.00389967001207606;484.063.219.494.903;-189.611.773.624.513;-103.230.842.823.388;-215.641.738.077.202;-934.110.103.717.973;-0.193795542787839;0.231966877721091;10;1
130.973.161.816.361;-0.049074605931902;479.360.045.036.846;-356.288.762.259.839;-102.177.314.710.893;-194.712.528.398.599;-945.620.058.336.313;-0.132370357029977;0.222879650243165;10;1
13.107.773.982.946;-0.0973084025133768;471.929.593.841.686;-514.877.266.777.121;-10.112.899.329.482;-174.598.534.065.439;-952.672.981.305.559;-0.107958019338318;0.215185150823878;10;1
131.087.706.681.056;-0.147632813778362;462.291.850.689.765;-668.557.920.794.259;-100.097.357.483.267;-155.824.557.687.491;-954.963.481.251.578;-0.123373644505907;0.209149600662107;10;1
130.881.882.836.477;-0.196827224101386;450.572.332.863.011;-818.585.992.234.321;-990.926.765.686.831;-138.697.377.737.038;-952.941.872.764.904;-0.174446302152919;0.204756585007704;10;1
130.378.156.990.814;-0.239986432813148;435.843.122.369.675;-963.568.104.923.269;-981.255.845.765.433;-123.285.443.266.227;-947.819.795.868.767;-0.249932659777043;0.201743923900812;10;1
129.585.575.526.778;-0.271993740810158;416.645.685.785.869;-109.928.515.637.663;-972.083.488.148.126;-109.620.956.904.899;-941.560.804.728.166;-0.331178221544903;0.199710695334402;10;1
12.863.038.908.399;-0.289362777479438;392.427.705.178.258;-121.954.881.426.323;-963.535.615.308.579;-0.977460467845285;-936.323.921.235.787;-0.397432152862184;0.198231914991058;10;1
127.714.437.092.974;-0.291617680337203;364.182.134.850.382;-131.795.527.380.811;-955.707.180.513.725;-0.87486940618658;-933.558.764.023.992;-0.43507376162991;0.196974578680541;10;1
127.012.555.130.435;-0.281492706356242;333.615.397.361.788;-1.389.765.754.101;-948.637.750.344.289;-0.783537394328251;-933.583.785.964.616;-0.441976026439455;0.195797724945306;10;1
126.580.615.467.729;-0.263795556828277;302.136.121.244.924;-143.314.122.174.671;-942.313.485.428.326;-0.697602666564408;-935.875.916.736.174;-0.424449216950887;0.194774429370918;10;1
1.263.370.212.323;-0.243501735850015;270.740.924.285.391;-14.494.779.726.889;-936.686.693.753.581;-0.61336573957226;-939.527.898.998.908;-0.392408913482935;0.194088826554857;10;1
126.123.584.586.211;-0.22406339681109;240.341.279.448.294;-144.301.074.244.717;-931.700.206.529.757;-0.531290366705594;-9.434.983.903.973;-0.356699166520363;0.193876250738353;10;1
125.805.429.776.668;-0.206750044308043;211.789.331.325.513;-141.988.815.571.809;-927.305.117.819.259;-0.455241375297082;-946.740.391.076.845;-0.327836724063665;0.194142286620514;10;1
125.349.896.563.231;-0.191202025782696;185.499.710.301.819;-138.684.417.829.769;-923.465.392.687.424;-0.388905418923965;-948.363.442.770.884;-0.314619293670066;0.194779115018742;10;1
124.836.162.387.537;-0.176672926640239;161.043.368.357.742;-134.969.012.260.529;-920.155.656.565.724;-0.332929752576889;-947.903.697.076.157;-0.321636990824393;0.195585760812755;10;1
124.391.322.273.439;-0.163095612201335;13.730.988.751.156;-131.207.426.578.121;-917.361.969.920.881;-0.285886062531246;-945.598.607.581.971;-0.346558515293792;0.196288663615425;10;1
124.098.970.809.586;-0.151324016653505;113.304.494.103.974;-127.498.429.888.887;-915.083.928.698.675;-0.246952874842227;-942.344.001.538.751;-0.380487923544084;0.196628381450316;10;1
12.394.395.697.347;-0.142510246576675;887.418.812.398.638;-123.714.187.876.619;-913.328.040.090.036;-0.216348686117094;-93.925.480.279.532;-0.412323922951987;0.19647841434654;10;1
123.828.330.926.891;-0.137154049138092;638.995.470.773.773;-119.599.821.619.407;-912.095.344.401.682;-0.194043061689469;-937.229.786.489.403;-0.433125874776788;0.195900171779432;10;1
123.643.006.120.617;-0.13452881733054;392.621.636.394.612;-114.885.097.512.231;-911.377.683.016.958;-0.1794976940542;-936.782.345.771.553;-0.437810135352208;0.195092607537711;10;1
123.342.459.786.229;-0.132864825728486;153.878.154.254.464;-109.372.478.054.488;-911.160.803.411.164;-0.171986210708478;-937.971.895.823.699;-0.4258472794849;0.194269550245269;10;1
122.964.650.718.128;-0.130124089866758;-0.723902448577034;-102.987.809.985.825;-911.421.553.606.118;-0.170072769052056;-94.040.663.476.833;-0.40126551439163;0.193543491048769;10;1
122.583.602.793.585;-0.124847299736381;-283.342.778.866.419;-957.964.473.122.251;-912.121.845.971.325;-0.171721726677302;-943.468.611.354.944;-0.370384014204035;0.192897107328636;10;1
122.250.472.550.825;-0.116622834972868;-476.289.699.746.605;-879.944.969.616.505;-913.211.367.599.699;-0.176535161967592;-946.583.972.698.132;-0.339011114875955;0.192252785352462;10;1
121.979.316.802.425;-0.106076016151946;-646.655.368.642.495;-798.797.665.029.422;-914.640.143.336.052;-0.187473227627057;-949.254.242.311.553;-0.312056803100152;0.191540018340056;10;1
121.768.022.878.256;-0.0945575919742294;-790.932.287.051.104;-717.982.367.078.533;-916.370.041.291.781;-0.20884623542426;-950.997.855.513.175;-0.294164928480978;0.190691909252951;10;1
121.614.109.296.895;-0.0837439922937945;-911.667.909.071.788;-640.683.684.170.112;-91.837.503.637.006;-0.242606778499164;-951.516.779.873.349;-0.288143849520159;0.189652602509317;10;1
121.510.814.507.476;-0.0752553515269096;-101.687.919.579.206;-569.077.649.972.162;-920.632.263.205.146;-0.287292637243659;-950.967.907.655.764;-0.292304336446712;0.188453638789862;10;1
121.437.150.127.392;-0.0703318352728945;-111.413.329.538.223;-503.973.334.577.053;-923.115.922.906.344;-0.340103170784458;-949.962.213.355.088;-0.300460982601138;0.187251346489597;10;1
121.360.190.658.978;-0.0696245243236898;-120.641.961.647.035;-444.985.544.740.289;-925.799.277.711.421;-0.399117901350713;-949.253.912.613.292;-0.305003225881128;0.186227297407592;10;1
121.250.531.285.726;-0.0731689214633689;-12.928.911.968.506;-391.073.622.048.102;-928.656.587.169.789;-0.463601339025058;-949.409.733.659.131;-0.300195021719485;0.185428985304303;10;1
121.094.885.478.563;-0.0805524564776941;-13.715.296.610.721;-341.131.805.404.415;-931.663.945.105.471;-0.533154023827938;-950.650.934.600.585;-0.283786440327143;0.184712683131839;10;1
120.899.553.902.344;-0.0911909655225498;-144.094.050.547.607;-294.406.550.605.842;-934.806.842.131.947;-0.607135343059014;-952.856.430.113.086;-0.25700764889908;0.183856601949585;10;1
120.687.182.518.314;-0.104562766530858;-150.105.363.489.329;-250.694.840.701.819;-938.084.467.958.655;-0.684008498515136;-955.682.723.209.234;-0.223410690434498;0.182725441083654;10;1
120.480.138.021.463;-0.120259458759907;-155.253.826.406.766;-210.392.910.229.733;-941.496.977.923.422;-0.760674122736021;-958.740.700.797.658;-0.18713423940317;0.181320368282015;10;1
120.279.335.864.968;-0.137811022928832;-159.486.070.048.751;-174.459.247.521.367;-945.028.427.799.862;-0.833389808357935;-961.679.904.681.879;-0.1519720219622;0.179717864609566;10;1
120.059.032.144.813;-0.156389473756584;-162.564.514.684.306;-144.261.249.100.757;-948.645.003.045.149;-0.899659604119437;-964.105.935.939.678;-0.122049620477693;0.178011957723376;10;1
119.775.481.779.048;-0.174602032189681;-164.344.301.650.482;-121.212.582.125.203;-952.308.234.443.283;-0.959051905562357;-965.504.035.785.422;-0.10252456559517;0.176326937843973;10;1
119.389.241.121.432;-0.190574671835623;-165.096.686.520.489;-10.619.740.701.492;-955.990.084.208.497;-101.279.190.168.108;-965.367.969.095.925;-0.0983216185061053;0.174868335086461;10;1
118.898.881.573.442;-0.202381527110455;-165.494.062.745.497;-989.726.884.348.454;-959.683.303.271.208;-106.357.814.934.807;-963.469.122.651.708;-0.111439877488333;0.173895847116649;10;1
11.835.176.664.087;-0.208656454556034;-166.268.818.801.074;-978.446.839.108.733;-963.408.326.638.407;-111.611.025.390.261;-960.012.244.280.591;-0.13933876966032;0.173575508107328;10;1
117.814.631.240.203;-0.209079047682101;-167.848.963.918.839;-998.061.531.147.186;-967.211.442.664.961;-117.605.439.636.832;-955.540.195.924.542;-0.176011609886782;0.173851224939104;10;1
117.336.310.408.621;-0.204487519637622;-170.280.536.029.964;-101.088.053.025.297;-97.114.665.000.711;-124.641.869.946.624;-950.722.430.733.358;-0.214503482582742;0.17446566251539;10;1
116.936.220.205.633;-0.196585819348519;-173.417.999.034.492;-97.922.818.144.169;-975.248.136.465.451;-132.499.456.415.916;-94.622.872.371.424;-0.248456875611355;0.175072773527269;10;1
116.609.638.662.966;-0.187402747801325;-177.047.015.127.593;-873.261.740.704.321;-979.511.652.870.755;-140.642.465.154.138;-942.683.339.080.338;-0.272312743803937;0.175341930407503;10;1
116.329.691.144.195;-0.178726542713081;-180.830.495.169.381;-677.892.869.319.176;-983.894.478.488.651;-148.619.447.484.823;-940.582.482.281.312;-0.281661578179866;0.17503861056333;10;1
11.605.709.815.542;-0.171710855141985;-184.271.753.195.624;-398.056.750.007.434;-988.327.369.110.565;-156.151.609.957.498;-940.196.541.436.803;-0.274160314677211;0.174079897897728;10;1
115.761.878.445.203;-0.166766450872556;-186.735.573.644.139;-0.612188823451543;-992.729.107.335.055;-162.999.782.395.805;-941.515.417.435.617;-0.250277365960187;0.172569732392734;10;1
115.434.802.134.139;-0.1637295890183;-187.509.912.364.479;284.377.994.416.963;-997.022.896.224.725;-169.009.034.765.931;-944.172.993.231.613;-0.213911072787525;0.17080374050916;10;1
115.083.150.374.094;-0.162184896595109;-186.050.063.203.694;576.986.496.152.702;-100.115.580.609.823;-174.294.603.901.696;-947.380.966.064.837;-0.172668270870282;0.169180517736145;10;1
114.722.027.705.579;-0.161784802427438;-182.363.216.607.599;754.025.335.484.196;-100.511.201.510.146;-179.196.096.135.224;-950.058.119.600.701;-0.136635894229872;0.168037722518154;10;1
11.436.466.202.495;-0.162453934724403;-177.230.411.968.292;767.582.718.616.747;-100.891.189.838.329;-183.993.985.252.447;-951.186.382.286.939;-0.115377520531586;0.167537731329883;10;1
114.016.577.169.162;-0.16444608541562;-172.025.765.623.053;597.986.610.806.401;-101.260.488.118.713;-188.804.050.058.415;-950.183.926.080.747;-0.114472796748119;0.16767041581063;10;1
113.678.949.934.452;-0.168281269754734;-168.134.911.372.325;260.600.940.877.429;-101.625.975.769.755;-19.371.633.367.433;-947.051.251.151.744;-0.133857057351426;0.168315608886251;10;1
113.351.300.753.773;-0.174606619674303;-166.395.361.713.065;-196.321.441.321.807;-101.994.852.904.554;-198.854.336.622.062;-942.202.352.789.913;-0.169381456070408;0.16928012396448;10;1
113.026.594.363.969;-0.184017265490228;-167.101.676.923.436;-701.287.058.424.291;-102.373.114.997.422;-204.281.498.291.615;-93.619.138.316.927;-0.215629558009381;0.170323763034685;10;1
112.688.356.780.968;-0.196878462246246;-17.038.308.665.133;-117.356.507.434.592;-102.764.877.895.275;-209.950.574.696.098;-929.652.402.252.304;-0.266537313164779;0.171222613198317;10;1
11.231.505.774.903;-0.213206063147464;-176.231.196.817.793;-153.921.782.443.464;-103.172.117.788.864;-215.765.200.551.556;-923.414.285.147.851;-0.31413113517193;0.171851557841549;10;1
111.888.711.262.877;-0.232653784049043;-184.066.751.194.969;-174.764.883.070.626;-103.594.321.031.257;-22.165.770.641.874;-918.447.121.294.002;-0.348936084374737;0.172245179527859;10;1
111.403.579.486.317;-0.254606574678837;-192.485.431.990.222;-178.582.632.235.867;-104.028.201.768.398;-227.614.287.544.232;-915.491.640.542.506;-0.363578006715466;0.172578304391918;10;1
110.871.107.560.379;-0.278309689052856;-199.719.181.019.087;-168.538.497.476.277;-104.467.993.859.162;-233.622.224.002.247;-914.656.603.573.144;-0.356842227413077;0.173051729950655;10;1
110.320.472.043.529;-0.302906281353631;-204.526.824.902.543;-151.862.231.412.368;-104.907.020.313.858;-239.649.607.481.967;-915.430.666.279.121;-0.333617238063786;0.173789722823462;10;1
109.784.575.722.625;-0.327253123513614;-206.642.604.401.281;-138.360.112.086.166;-105.340.353.239.905;-24.577.909.036.873;-917.096.280.132.786;-0.300585112829147;0.174834622591291;10;1
109.264.022.910.114;-0.349488823356541;-206.510.840.392.373;-138.281.321.135.445;-105.766.482.800.575;-252.252.968.479.618;-919.028.566.793.177;-0.263254494041398;0.176182234950622;10;1
108.700.111.707.355;-0.366554020826998;-204.877.315.283.726;-160.084.714.046.014;-10.618.648.199.537;-259.242.976.683.526;-920.675.838.408.217;-0.226702184521772;0.177781258926123;10;1
107.999.923.353.847;-0.374075424524161;-202.637.611.554.064;-208.462.806.344.541;-106.602.081.587.041;-26.666.027.230.352;-921.520.786.651.261;-0.196319054242405;0.179524121699169;10;1
10.710.899.224.522;-0.366988292472358;-200.910.652.172.074;-282.792.585.321.152;-107.015.300.348.077;-274.292.031.458.357;-921.190.617.241.002;-0.176316221008504;0.181265614853358;10;1
106.074.921.719.843;-0.340890300841102;-201.131.055.872.801;-376.173.017.795.859;-107.430.058.588.638;-282.035.181.220.828;-9.196.191.272.983;-0.167605741143797;0.182839021561496;10;1
105.047.527.060.644;-0.29361338081659;-204.864.109.652.664;-475.308.991.728.496;-107.853.492.104.217;-289.888.153.023.132;-917.156.641.708.911;-0.16686490809516;0.184070690647437;10;1
10.421.727.429.986;-0.226245931062902;-21.336.932.346.088;-561.527.159.880.554;-108.295.534.150.695;-297.801.427.831.096;-914.574.795.958.859;-0.166954378249716;0.184813867658914;10;1
103.738.804.544.926;-0.143033025661961;-227.191.331.806.814;-613.057.255.559.941;-108.766.934.465.791;-305.502.968.418.731;-912.922.867.794.527;-0.158845628794637;0.184959803451322;10;1
103.675.094.286.299;-0.0501002877849963;-245.825.704.400.023;-60.842.606.151.744;-1.092.757.462.164;-312.341.110.919.816;-913.250.069.200.117;-0.134733161454896;0.184412794177518;10;1
103.973.295.923.245;0.0465019475282331;-267.415.055.669.016;-530.479.020.239.938;-109.823.572.010.148;-317.555.335.140.627;-916.270.393.457.005;-0.0902781296071513;0.183092994916883;10;1
104.486.438.399.129;0.142599180671543;-288.728.826.794.943;-370.237.872.508.756;-110.403.728.508.415;-320.848.322.449.065;-922.036.062.418.904;-0.0258322848267341;0.181001874891031;10;1
105.046.390.281.867;0.236723541901285;-305.754.698.062.601;-129.645.426.588.107;-111.001.858.778.583;-322.560.206.492.912;-929.779.804.899.838;0.0526300442706287;0.178301466743367;10;1
105.554.337.946.157;0.329574326184783;-314.590.973.390.567;177.610.365.957.125;-111.598.183.586.141;-323.491.254.003.305;-938.036.086.952.949;0.134039382470531;0.17530950316312;10;1
106.037.783.062.138;0.422368409393571;-3.121.847.143.079;527.562.075.791.135;-112.170.279.791.824;-324.653.045.118.157;-944.912.772.814.969;0.203858326515871;0.172375426862864;10;1
106.641.570.415.047;0.514925982937528;-297.098.876.287.625;889.507.304.459.958;-112.695.864.266.378;-326.862.501.564.986;-948.560.387.026.817;0.247089924866131;0.169742099908244;10;1
107.547.974.201.377;0.604510855242844;-270.002.262.729.084;123.085.885.025.002;-113.155.654.801.977;-330.563.568.739.988;-947.917.770.791.359;0.254861465987766;0.167514744250327;10;1
108.861.442.030.208;0.686058635117775;-233.219.105.232.946;152.216.021.486.179;-113.535.860.168.556;-336.167.346.682.659;-943.204.538.681.766;0.230547227600752;0.16574253887134;10;1
11.053.448.802.025;0.753649277395556;-189.972.472.475.283;174.114.520.045.709;-113.829.799.467.116;-344.100.589.578.562;-935.759.143.059.688;0.188661160674526;0.164539850656951;10;1
11.239.487.874.991;0.802371410782998;-143.843.476.478.555;187.510.495.627.252;-114.038.044.681.442;-354.213.399.694.514;-92.761.583.422.048;0.148715475961611;0.164165331279993;10;1
11.425.147.175.474;0.829560319448493;-978.754.577.176.563;192.137.149.797.782;-114.166.021.665.843;-36.542.599.158.907;-920.943.952.383.707;0.128273114417901;0.165005360126878;10;1
115.992.556.752.845;0.834876975064634;-538.590.341.196.272;188.629.087.776.962;-114.220.111.131.054;-375.926.560.916.055;-917.150.686.846.233;0.134862101201351;0.167480660512714;10;1
117.612.648.270.556;0.819457296153468;-127.445.434.611.398;178.345.685.787.728;-114.205.526.837.779;-383.620.632.263.383;-916.285.846.716.115;0.162029658850429;0.171957117150296;10;1
119.168.772.518.852;0.784860421203042;245.562.146.989.785;163.191.763.445.063;-114.127.008.872.727;-386.715.246.203.466;-917.398.776.091.584;0.195027705945554;0.178694675931909;10;1
120.710.424.459.805;0.732508775535438;568.067.793.603.836;14.545.498.615.078;-113.990.375.217.162;-384.094.529.809.609;-919.362.248.671.627;0.219854310895391;0.187778468773285;10;1
122.231.102.966.207;0.663871180335939;824.193.926.198.117;127.620.985.557.609;-113.803.805.878.624;-37.552.534.414.277;-921.528.960.568.942;0.229804546187703;0.199005373908486;10;1
123.659.489.851.078;0.581135923811805;100.015.282.609.574;112.102.849.022.716;-113.578.784.709.365;-362.196.103.736.336;-924.091.408.183.416;0.2305949182471;0.211781568068133;10;1
124.883.226.242.458;0.487837254319242;109.772.028.697.001;100.853.455.219.694;-113.329.191.769.453;-34.709.327.524.784;-927.945.963.883.604;0.240348319650071;0.225123007639051;10;1
125.798.785.828.326;0.388937939445417;114.529.174.967.755;949.162.131.494.418;-113.067.258.736.752;-334.256.927.662.006;-933.882.870.245.472;0.278962248351615;0.237856685496405;10;1
126.369.625.243.446;0.290186046189423;119.487.199.042.918;940.693.564.745.809;-112.798.066.627.097;-327.161.276.590.414;-941.401.372.830.567;0.350914422723713;0.248979334564916;10;1
126.652.590.488.278;0.19700074402569;130.496.141.054.837;9.675.715.906.517;-112.516.007.646.566;-327.158.332.017.887;-947.895.095.528.806;0.432305596073189;0.257924893076359;10;1
126.764.078.886.724;0.11345001017695;151.387.897.309.246;100.426.906.573.522;-11.220.623.244.786;-332.600.827.649.335;-949.255.256.502.188;0.474533534647627;0.264563011078762;10;1
126.805.886.576.097;0.0418360218961913;181.507.661.311.335;102.215.959.864.563;-111.851.727.284.217;-339.329.892.295.753;-942.342.794.865.324;0.431287125231695;0.269005673554233;10;1
126.809.095.561.691;-0.0169970918141742;215.864.725.365.645;997.468.374.497.188;-111.441.829.094.797;-342.955.335.446.816;-927.623.653.285.701;0.292256378756335;0.271402376064174;10;1
126.739.581.781.056;-0.0629863607568532;248.284.495.716.017;917.206.128.465.848;-110.976.183.395.443;-34.137.732.859.886;-909.281.359.444.392;0.091833997102615;0.271860750129187;10;1
12.655.439.607.331;-0.0963360329984786;274.422.940.586.474;7.811.445.223.496;-110.463.211.304.593;-335.339.970.311.163;-892.703.972.387.127;-0.113465979930648;0.270515429711539;10;1
126.255.252.237.426;-0.117473599474487;292.487.912.223.974;599.994.742.933.813;-109.916.514.301.869;-32.712.101.869.893;-881.826.617.222.846;-0.274731734272221;0.267624512044858;10;1
125.895.499.700.791;-0.127373144911385;302.424.555.896.866;391.411.000.225.697;-109.351.370.463.293;-318.746.822.236.182;-878.061.231.075.442;-0.367870829334196;0.263597896184936;10;1
125.548.246.377.539;-0.127884268933537;304.835.593.762.059;175.545.797.931.863;-108.781.756.741.338;-310.861.541.421.899;-880.731.167.354.907;-0.394417217833514;0.258974966432151;10;1
125.271.103.513.558;-0.121747385783035;300.531.817.185.579;-288.407.905.140.189;-10.821.832.755.564;-302.975.303.788.564;-888.210.798.692.502;-0.370092391338016;0.254349891879591;10;1
12.508.779.908.961;-0.112210972544407;290.984.186.033.618;-207.363.350.062.345;-107.667.128.359.255;-294.490.171.234.748;-898.778.779.644.385;-0.312922202355626;0.250251578989321;10;1
124.987.222.099.378;-0.102393112869209;278.641.470.675.417;-351.854.824.316.889;-107.129.048.320.149;-285.267.756.525.061;-910.664.324.929.901;-0.240464368631905;0.247051463084516;10;1
124.932.068.917.113;-0.0946359781197428;266.102.206.890.025;-460.722.649.431.173;-106.601.472.777.279;-275.584.989.804.167;-921.873.042.693.704;-0.171424852434045;0.244919634681432;10;1
124.871.174.053.575;-0.0900891858657465;2.548.994.572.591;-537.666.143.471.363;-106.082.144.154.161;-265.996.840.359.813;-930.490.873.854.335;-0.123214643747207;0.243805460022116;10;1
124.759.009.971.472;-0.0886669513796294;245.186.780.965.219;-589.195.858.135.984;-105.572.276.400.148;-257.132.359.200.076;-935.250.476.368.133;-0.107010490056382;0.243479011840669;10;1
124.577.515.699.061;-0.0893829404895755;236.215.482.616.902;-621.885.369.197.762;-105.076.864.494.347;-249.334.829.203.774;-93.585.344.019.257;-0.125443339640515;0.243626220335057;10;1
124.338.895.240.902;-0.0909188011168855;226.825.269.864.795;-640.293.091.340.245;-104.602.984.855.153;-242.488.001.616.059;-932.979.181.335.761;-0.172851350262093;0.243919120577766;10;1
124.068.819.585.221;-0.0922065545841741;215.853.306.297.709;-646.132.854.467.116;-104.157.553.274.586;-236.226.534.802.498;-928.131.136.661.724;-0.236183716619481;0.244093623359907;10;1
123.796.656.866.412;-0.0928396325570951;202.716.984.597.533;-638.807.453.155.958;-103.745.609.968.232;-230.312.764.797.201;-92.332.467.193.481;-0.297040123985274;0.244061237990884;10;1
123.556.369.763.592;-0.0932109538271119;188.001.044.013.126;-616.933.627.542.358;-103.369.429.709.421;-224.840.498.047.581;-920.489.864.260.922;-0.336910002777675;0.243912303626516;10;1
123.376.380.048.271;-0.0943421463018783;173.360.652.736.803;-58.006.788.474.325;-103.027.893.735.057;-220.038.016.666.937;-920.709.873.095.732;-0.345024965619157;0.243756817635209;10;1
123.260.831.308.395;-0.097435953245239;160.418.595.283.552;-529.775.309.324.114;-102.716.496.988.915;-215.897.312.402.898;-923.875.218.613.337;-0.322630166725808;0.243568039233185;10;1
12.318.365.731.793;-0.10328480770963;149.713.720.463.866;-469.660.542.495.779;-102.428.889.319.706;-212.116.658.876.193;-929.103.214.601.854;-0.279079845635952;0.243170517426117;10;1
123.095.328.393.159;-0.111757627046916;140.924.707.044.838;-404.674.284.864.016;-102.158.755.384.119;-208.352.673.995.351;-935.396.858.760.078;-0.224876430709338;0.242358575974004;10;1
122.935.557.643.205;-0.121599247841758;133.789.776.624.957;-340.294.657.291.485;-101.900.095.888.934;-204.358.101.108.188;-941.878.166.014.156;-0.169118222960984;0.241031848953845;10;1
122.659.302.220.493;-0.130690079560807;128.389.788.759.046;-281.891.767.260.596;-101.646.747.393.238;-199.928.569.369.566;-947.680.762.641.637;-0.120705368659449;0.2392200044923;10;1
122.268.832.332.096;-0.136731918419541;124.762.260.658.128;-234.187.918.288.339;-101.393.113.787.903;-194.897.479.450.276;-951.933.366.921.921;-0.0885523720747727;0.237020067970541;10;1
121.824.316.117.714;-0.138098404625925;122.564.474.013.803;-200.666.639.498.672;-101.135.657.496.928;-189.242.799.041.597;-953.965.320.334.181;-0.0793724551745623;0.234593535623898;10;1
121.415.614.700.657;-0.134448174838943;121.139.779.915.084;-182.980.945.776.055;-100.873.720.342.822;-1.832.336.527.329;-95.357.158.622.916;-0.0947623434604061;0.232204286861347;10;1
121.107.918.597.879;-0.126787282592992;119.866.475.215.943;-180.535.219.915.696;-100.609.163.757.393;-177.385.739.257.664;-9.510.725.219.722;-0.130640360312315;0.230149725745196;10;1
12.090.366.678.076;-0.116977714516334;118.219.704.183.697;-190.358.285.508.601;-100.345.320.947.845;-172.111.184.039.982;-947.142.211.425.672;-0.179558119065046;0.228599985684328;10;1
120.755.399.895.247;-0.107012092223903;115.502.325.634.651;-207.317.963.114.352;-100.086.692.307.312;-167.520.857.556.235;-942.684.268.370.822;-0.232314085013124;0.227494782332197;10;1
120.610.975.245.632;-0.0984630565816351;111.006.697.634.235;-224.757.698.919.629;-998.391.194.561.532;-163.590.294.059.976;-938.776.871.624.005;-0.278242058316598;0.226580525639822;10;1
120.445.389.776.101;-0.0923213113187183;104.549.126.639.392;-235.613.675.641.329;-996.085.424.307.458;-160.243.342.627.197;-93.645.252.683.931;-0.307251055096291;0.225551817769598;10;1
120.265.289.473.168;-0.0891460890415663;966.096.920.681.658;-233.872.070.477.038;-993.989.183.343.818;-157.285.650.785.673;-936.399.720.502.486;-0.312873331727245;0.224181993757091;10;1
120.095.270.792.104;-0.0892828704416382;881.528.641.317.218;-216.000.110.588.741;-99.211.342.396.456;-154.502.001.098.096;-938.803.926.619.106;-0.293647545957587;0.222336942291015;10;1
119.952.091.315.909;-0.0929312034076306;804.424.600.958.065;-181.924.978.740.721;-990.441.794.151.023;-151.784.754.224.982;-94.328.620.513.232;-0.253496507827856;0.219936134651678;10;1
11.982.381.402.651;-0.100013643455332;746.161.237.254.073;-135.260.629.958.503;-98.893.240.379.162;-149.071.404.143.915;-948.959.914.110.757;-0.201286947806045;0.217009769428443;10;1
119.672.250.806.556;-0.109982496880087;712.521.540.686.156;-827.289.420.221.164;-987.525.285.570.568;-146.292.163.962.182;-954.725.649.073.259;-0.148031835193835;0.213785717816497;10;1
119.456.309.589.935;-0.121775177588003;704.639.104.548.115;-329.718.989.916.516;-986.156.887.377.787;-143.449.142.100.629;-959.604.919.915.934;-0.103468857194274;0.210622274642367;10;1
119.158.860.885.308;-0.134037677356613;721.300.895.814.386;0.495096516833307;-984.771.667.870.261;-140.644.134.884.255;-962.858.667.688.008;-0.0748238859313215;0.207818987675515;10;1
118.799.698.158.721;-0.145544209435874;757.126.538.360.091;231.317.517.127.934;-98.333.027.247.011;-138.004.050.259.407;-964.014.870.671.393;-0.0666467756677029;0.205494519589003;10;1
118.427.674.269.482;-0.155582000788728;800.561.542.735.504;162.082.351.471.622;-981.818.015.349.477;-135.617.989.223.393;-962.971.271.578.482;-0.0799037654487194;0.203598526229283;10;1
118.092.954.140.208;-0.164052707350967;836.980.589.985.418;-177.220.118.820.959;-980.247.642.808.078;-133.505.898.184.906;-960.063.727.165.337;-0.111346220756619;0.201991206855571;10;1
117.812.237.276.527;-0.171194364633622;854.428.979.702.773;-769.123.356.202.673;-978.651.718.662.298;-131.582.323.395.319;-955.963.864.278.411;-0.154530105515265;0.200512071328245;10;1
11.755.211.810.845;-0.177076298939284;846.140.400.001.573;-156.494.764.827.478;-977.074.478.337.079;-129.732.711.255.693;-951.468.488.614.051;-0.201737354094377;0.198977434541513;10;1
117.248.455.839.289;-0.181205546684437;809.127.770.877.858;-249.470.715.707.346;-975.574.737.530.728;-128.012.292.808.742;-947.309.968.037.903;-0.245583581442254;0.197178393335399;10;1
116.854.757.569.838;-0.1825526726011;742.649.714.356.331;-34.786.036.446.407;-974.228.394.660.971;-126.636.621.506.098;-944.024.913.801.168;-0.280393153446015;0.195007984186928;10;1
11.638.062.248.037;-0.180041663555559;648.429.984.587.142;-443.801.800.996.301;-973.112.975.906.096;-125.735.627.074.818;-941.890.724.031.859;-0.303196981455656;0.192591133289905;10;1
115.888.153.569.896;-0.17322740569296;531.330.703.707.122;-530.468.486.689.769;-972.283.105.402.828;-125.219.746.188.411;-940.938.412.338.297;-0.313772351429435;0.190214262663449;10;1
115.458.204.219.994;-0.162738993438202;398.588.212.534.596;-60.268.357.678.811;-971.759.645.574.966;-12.486.680.942.385;-941.006.656.155.801;-0.31397971980045;0.188136316986281;10;1
115.146.833.135.294;-0.150195950817259;257.276.417.010.232;-657.136.850.489.661;-971.538.494.756.247;-124.504.600.316.926;-941.812.843.856.744;-0.306820594877102;0.186477745392372;10;1
114.948.315.386.148;-0.137622015276821;111.813.002.032.245;-692.225.742.354.507;-971.604.009.033.207;-124.097.093.418.978;-943.038.500.519.411;-0.295474169081876;0.185229803358061;10;1
114.795.248.648.924;-0.12670019802734;-0.362253570510467;-707.696.546.856.237;-971.935.307.096.125;-123.678.467.580.985;-944.403.119.960.494;-0.282647212169499;0.184318583070459;10;1
11.460.549.010.632;-0.1183282086482;-185.798.923.952.353;-704.324.012.177.752;-972.507.869.795.365;-12.329.653.724.533;-945.695.202.466.194;-0.270348744962046;0.183662839252293;10;1
114.343.143.202.182;-0.112733311546272;-333.555.460.385.073;-683.759.631.270.494;-973.294.390.665.064;-123.038.276.305.176;-946.763.790.798.231;-0.259959319945791;0.183173150505291;10;1
114.046.924.411.526;-0.109995748241156;-473.042.565.481.224;-6.484.701.578.256;-974.266.657.523.868;-123.045.957.279.911;-947.487.169.051.906;-0.252531852152238;0.182715944617903;10;1
11.380.012.000.427;-0.110504363291576;-597.883.448.679.795;-601.558.969.211.898;-975.401.290.137.716;-123.488.963.555.721;-947.758.967.910.826;-0.248947961131368;0.182158098625119;10;1
113.659.558.097.079;-0.114895766805716;-70.584.083.530.738;-546.346.615.536.531;-976.690.885.793.559;-124.601.728.789.338;-947.560.309.548.236;-0.249110821857215;0.181480894770299;10;1
113.595.507.543.035;-0.123429383546697;-797.953.308.339.776;-485.798.455.656.412;-978.150.889.222.649;-126.726.516.209.214;-947.025.920.488.766;-0.2512157430427;0.180808332459037;10;1
11.349.363.458.544;-0.135249455872554;-875.177.784.292.066;-421.996.328.993.512;-979.809.117.011.741;-130.128.654.443.486;-946.324.845.976.752;-0.253201205590425;0.180301083490187;10;1
113.227.355.471.396;-0.148190587531124;-939.684.196.355.284;-355.802.637.051.223;-981.687.996.407.969;-134.734.952.318.652;-945.525.073.944.733;-0.254461575253812;0.180025011590471;10;1
112.750.497.935.676;-0.159488158344599;-997.980.981.388.224;-286.845.309.057.715;-9.837.980.660.038;-140.146.492.365.824;-944.735.352.572.669;-0.254437311107097;0.179912587935711;10;1
112.142.881.186.694;-0.167122272580685;-105.726.667.356.999;-214.006.761.399.325;-986.134.413.052.811;-145.840.596.936.485;-944.308.674.155.526;-0.250357867495818;0.179828680259985;10;1
111.576.148.970.641;-0.170990556390952;-11.168.895.146.784;-136.477.696.951.422;-988.662.368.879.287;-151.307.884.143.993;-944.691.397.346.701;-0.238563271629262;0.17965270078382;10;1
111.209.084.843.104;-0.173076248191575;-116.583.104.570.109;-550.350.189.073.845;-991.307.786.768.553;-156.172.920.186.637;-946.013.690.931.514;-0.218340707159172;0.179290520298374;10;1
111.069.477.655.202;-0.176350481226846;-119.076.033.879.322;271.089.663.791.933;-993.970.172.580.233;-160.284.556.146.346;-947.894.647.891.471;-0.193675869229549;0.178632528845262;10;1
111.020.165.163.492;-0.183000225462852;-118.687.950.002.235;104.336.616.280.616;-996.549.262.642.682;-163.641.624.704.494;-949.714.862.502.351;-0.170667443829743;0.177578760559621;10;1
11.085.117.253.306;-0.193106388593561;-115.940.748.284.761;169.396.437.679.091;-99.896.636.355.295;-166.353.870.197.243;-951.092.555.406.156;-0.152862344058397;0.176161331257651;10;1
110.422.218.278.593;-0.204664957930797;-111.409.996.651.112;214.417.874.107.854;-100.117.341.304.072;-168.744.708.486.951;-951.992.024.605.025;-0.139995157480559;0.174603579134097;10;1
109.747.257.954.653;-0.214976970602265;-105.075.865.232.273;231.897.621.062.643;-100.315.393.001.276;-171.316.827.590.071;-95.230.976.184.409;-0.132149455334583;0.173212349099114;10;1
108.974.870.208.486;-0.222556492761376;-969.836.719.195.888;215.809.175.352.363;-100.492.744.579.763;-174.544.733.576.486;-951.535.096.663.225;-0.133481271416921;0.172208595902228;10;1
108.291.827.274.704;-0.228411018626847;-882.612.684.788.478;162.960.711.175.025;-100.655.976.419.983;-178.701.734.397.076;-948.992.824.007.533;-0.150130562926288;0.171640574922169;10;1
107.823.366.491.796;-0.23595362133647;-811.445.909.380.213;742.209.392.372.477;-100.816.211.470.923;-183.776.080.337.849;-944.391.312.883.221;-0.1849767116167;0.171413669912984;10;1
107.585.407.036.001;-0.249563364711388;-780.326.169.035.268;-451.272.668.513.857;-100.986.819.106.997;-189.485.007.945.141;-938.152.247.032.891;-0.234391066924164;0.171380770514259;10;1
107.479.181.476.879;-0.272461686569676;-803.717.572.198.676;-18.638.014.285.988;-101.180.200.467.151;-195.428.210.520.039;-931.320.098.520.409;-0.288860213709405;0.171418806299911;10;1
107.315.747.495.612;-0.304871621448571;-880.409.305.243.047;-3.394.978.666.381;-101.405.591.228.011;-201.344.850.844.815;-925.092.533.886.265;-0.337090435075917;0.171432158737357;10;1
106.892.336.222.938;-0.343332889825188;-996.609.601.918.316;-495.383.575.953.511;-101.668.455.305.333;-207.230.849.117.691;-920.245.067.572.072;-0.371394417841509;0.171295503146046;10;1
106.103.196.154.943;-0.381565946280778;-113.639.057.003.883;-647.362.486.247.359;-101.970.881.652.728;-213.185.329.264.385;-916.922.936.578.599;-0.390007093803986;0.170856148368073;10;1
105.010.013.353.423;-0.41252595547948;-128.921.183.835.638;-791.341.492.760.707;-102.312.367.766.485;-219.339.773.718.037;-914.926.933.209.291;-0.394378084578134;0.17005091860851;10;1
103.810.955.722.557;-0.430630162535559;-144.840.228.170.141;-924.746.825.590.633;-102.690.734.648.313;-225.956.357.815.305;-913.984.651.539.253;-0.386330400705004;0.169001347054329;10;1
102.720.917.997.832;-0.433036760429668;-160.982.711.167.094;-104.466.818.119.686;-103.103.494.424.136;-233.295.211.610.574;-913.687.449.796.076;-0.369079225104354;0.167965107009691;10;1
10.184.960.289.192;-0.41944126473156;-177.785.757.171.302;-114.574.646.184.825;-103.550.152.274.055;-241.358.957.544.164;-913.544.284.941.855;-0.347347320668355;0.167177791772842;10;1
1.011.640.575.507;-0.390765654396738;-196.807.931.609.847;-121.853.390.149.034;-104.034.317.204.495;-249.863.930.925.012;-913.439.732.597.424;-0.3230142143814;0.166684075429199;10;1
100.551.615.396.391;-0.347721222380418;-21.981.627.878.126;-124.922.470.691.426;-104.563.106.349.974;-258.256.016.653.464;-913.995.902.327.684;-0.291680226972071;0.166270088044477;10;1
0.999274835712449;-0.29014069516164;-247.553.992.128.232;-122.138.588.103.513;-105.143.453.492.108;-265.602.303.925.785;-916.418.687.879.708;-0.244561934878748;0.165554598364645;10;1
0.99303348570468;-0.217333064904859;-279.126.689.318.069;-111.957.545.486.127;-105.777.866.648.687;-270.668.100.605.431;-922.035.252.132.693;-0.17279213444653;0.164164993509634;10;1
0.98775453058502;-0.129026767779142;-311.729.623.552.613;-933.925.537.171.511;-106.461.167.446.477;-272.399.603.665.512;-931.738.197.980.724;-0.0712868475737451;0.161870648646236;10;1
0.984637361002746;-0.0261941468662412;-340.487.479.376.784;-664.197.889.064.803;-10.717.788.582.698;-270.437.854.062.831;-945.209.172.022.982;0.0555584809459528;0.158624269023807;10;1
0.984550645159443;0.0887284691113685;-359.437.720.255.936;-321.632.748.204.391;-107.902.041.665.494;-265.268.660.243.179;-960.164.403.933.817;0.187170826973654;0.154559589465594;10;1
0.987767708412661;0.212260388953937;-36.424.899.242.309;725.593.575.106.695;-108.602.438.113.411;-258.197.889.605.138;-972.607.453.591.167;0.288878180899642;0.149982353661747;10;1
0.994001929208384;0.340608793270502;-354.602.828.135.637;491.759.407.093.823;-109.251.710.270.338;-251.258.109.847.215;-978.574.779.805.421;0.328106155620283;0.145303132843872;10;1
100.264.847.482.285;0.470268340888754;-333.595.751.764.426;909.594.595.505.133;-109.832.388.801.634;-246.721.165.769.583;-976.194.353.071.109;0.29288598432297;0.140897818307033;10;1
101.316.937.642.207;0.598166145748583;-30.496.509.516.645;130.421.315.113.353;-110.336.451.849.153;-246.283.111.878.367;-966.349.567.533.888;0.196414841644307;0.136997101670194;10;1
102.544.899.226.146;0.721311575739339;-271.311.525.822.387;165.978.071.511.871;-110.761.539.050.886;-250.518.506.124.446;-951.808.447.858.843;0.0675429405942403;0.133657261175923;10;1
103.983.615.390.298;0.836211700114343;-234.169.492.719.541;196.540.190.366.127;-111.107.774.450.611;-258.891.174.111.663;-936.039.702.407.085;-0.0606411544049674;0.130771065111609;10;1
105.682.805.354.993;0.938464028661419;-194.249.296.549.845;221.259.329.585.578;-111.375.333.666.521;-270.046.478.765.055;-922.364.961.478.717;-0.158566571161753;0.128114487624208;10;1
107.664.680.554.094;102.284.035.090.364;-151.321.017.559.601;239.257.036.397.105;-11.156.201.961.267;-282.186.738.624.308;-913.288.411.335.123;-0.205933131249251;0.125455962939635;10;1
10.989.982.600.476;108.390.045.780.014;-104.567.492.190.741;249.446.233.776.447;-111.662.073.414.527;-293.529.885.544.868;-910.026.328.099.996;-0.194891418841527;0.122709655969643;10;1
112.315.191.618.282;111.691.621.321.926;-534.216.107.796.781;250.529.633.668.939;-11.166.741.591.505;-302.696.436.539.071;-912.408.353.825.301;-0.129468538062035;0.120057239091248;10;1
114.819.535.707.922;111.880.040.878.903;0.169072497215899;241.208.369.365.126;-111.570.678.981.177;-308.721.235.834.082;-919.100.773.401.499;-0.0230713495500527;0.117964139533502;10;1
117.315.383.429.039;108.881.266.143.609;589.039.316.997.352;220.567.401.553.438;-11.136.835.149.315;-310.503.158.528.632;-928.024.397.556.163;0.103545052154187;0.117117127460002;10;1
11.969.411.431.296;10.289.180.943.607;11.478.832.590.579;188.544.519.705.642;-111.063.070.143.547;-306.364.124.185.656;-936.922.801.876.122;0.225365660512477;0.118361668940126;10;1
121.843.798.120.435;0.943712220773963;164.556.945.470.709;146.351.249.232.681;-110.665.774.793.348;-294.735.167.247.746;-944.017.749.001.018;0.320376090459442;0.122622950011005;10;1
123.680.065.250.788;0.839859061896165;202.502.030.066.715;966.992.855.655.267;-110.198.444.322.288;-275.612.150.872.348;-948.645.818.025.131;0.379249539671845;0.130740028999009;10;1
125.174.489.993.592;0.725116411908143;222.852.976.561.226;436.977.613.201.107;-109.695.634.112.652;-251.599.499.511.449;-951.754.449.451.266;0.412128220373894;0.143216604029361;10;1
126.357.395.937.903;0.607206381656897;221.712.695.486.642;-765.747.866.790.712;-109.201.417.823.844;-2.281.371.581.667;-955.788.871.471.781;0.446491062501968;0.159947990260347;10;1
127.291.887.546.746;0.49288204044054;19.989.868.096.695;-523.527.789.060.991;-108.760.041.496.237;-212.398.044.908.507;-963.127.457.297.467;0.509964245422763;0.179995847523463;10;1
128.033.392.747.025;0.387438907838491;164.113.651.223.901;-863.497.713.590.474;-108.403.788.571.797;-209.893.807.922.027;-973.427.377.635.835;0.603224878717628;0.201585133033744;10;1
128.605.932.020.468;0.294671484306015;124.119.660.952.494;-107.344.385.199.995;-108.145.786.415.123;-220.810.227.202.128;-982.525.653.380.937;0.687732426744022;0.222528863646522;10;1
129.013.228.406.094;0.217052566100619;880.742.513.828.922;-115.004.553.159.852;-107.981.596.318.431;-24.005.560.469.759;-984.649.892.736.551;0.70523942564569;0.240956392975963;10;1
129.263.335.127.519;0.155870534752286;597.525.694.650.823;-110.656.207.462.686;-107.896.529.641.494;-260.814.408.641.112;-976.155.174.389.692;0.614774187293591;0.255867017516693;10;1
129.382.725.908.327;0.111195347974919;3.894.832.144.594;-96.649.416.851.805;-107.873.421.597.162;-278.210.507.485.032;-957.843.612.670.963;0.419869549083893;0.26718070582261;10;1
129.421.685.806.245;0.0817312312736475;241.535.980.109.332;-757.221.841.500.682;-107.896.432.212.081;-290.770.890.687.394;-934.296.549.757.768;0.166117278920197;0.275397590244968;10;1
129.449.674.894.194;0.0647409136668353;14.652.285.963.659;-505.656.398.118.395;-107.950.497.873.633;-299.290.273.307.748;-911.193.322.882.633;-0.0863734457204437;0.281190468305198;10;1
129.533.296.346.741;0.0562443535955946;105.296.151.781.518;-236.120.324.073.605;-1.080.198.471.308;-304.975.953.708.543;-893.133.202.462.259;-0.288220594992072;0.285156566520739;10;1
129.710.084.721.827;0.0515941798590952;120.074.503.238.453;304.141.231.266.112;-108.087.895.185.695;-308.709.927.461.197;-88.282.806.012.068;-0.410387503573839;0.287719966851679;10;1
129.973.743.578.637;0.0463498190722344;189.464.799.498.449;276.610.964.932.262;-108.138.419.265.297;-311.039.543.052.545;-881.013.676.932.826;-0.444959151205815;0.289077732429044;10;1
130.271.798.841.967;0.0372001016380718;305.526.440.765.921;488.972.276.956.808;-10.815.673.212.059;-31.213.982.672.484;-886.772.677.810.846;-0.401810634753449;0.28919962783154;10;1
130.522.395.680.865;0.0226053416941813;456.183.776.383.901;657.927.397.108.242;-108.130.044.136.838;-311.841.130.249.448;-898.083.315.569.735;-0.30279736871119;0.287937052566182;10;1
130.651.199.875.878;0.00289706566396651;630.643.663.054.521;777.681.807.204.066;-108.047.726.838.144;-30.984.237.071.501;-912.300.042.220.594;-0.176159761614489;0.285229557679956;10;1
130.627.803.951.765;-0.0202126400671111;820.807.108.774.186;845.862.070.647.589;-107.902.318.869.053;-305.924.138.315.927;-92.659.638.259.064;-0.05146001311455;0.281309671010366;10;1
130.478.484.353.334;-0.044488673525207;101.887.534.877.975;863.153.525.666.182;-107.690.879.039.277;-300.107.203.815.882;-93.850.076.490.283;0.0461708942394754;0.276700183067343;10;1
130.263.834.856.795;-0.0680045645366665;121.611.748.642.682;833.088.278.896.074;-107.415.724.708.811;-292.720.868.262.913;-946.315.434.396.639;0.100443855587462;0.271940443410666;10;1
130.037.108.191.487;-0.0896075405770987;140.154.785.209.782;76.195.312.849.312;-107.084.306.812.674;-284.237.220.769.818;-94.930.668.849.726;0.105307941424332;0.267330181605013;10;1
129.820.244.419.517;-0.108913725732245;156.121.737.449.177;658.594.944.424.545;-106.708.333.995.942;-275.124.588.333.787;-94.785.116.683.524;0.065723545404806;0.26295115057252;10;1
129.609.372.811.353;-0.125975845136981;168.366.331.778.024;533.843.978.434.848;-106.301.955.427.179;-265.960.947.162.941;-943.331.350.323.272;-0.00328982155831348;0.258839593198188;10;1
12.938.855.084.251;-0.140865329916927;176.608.581.627.812;399.466.228.881.425;-10.587.934.783.248;-257.428.482.912.993;-93.751.842.572.468;-0.0827234310876683;0.255063384111484;10;1
129.137.889.085.084;-0.153364259275906;181.186.800.414.522;266.872.458.192.454;-105.452.748.916.429;-250.003.427.815.246;-931.956.430.876.457;-0.156360809555276;0.251668488311459;10;1
128.839.031.909.075;-0.162867907143788;182.479.708.784.064;145.919.474.855.803;-105.031.313.657.916;-24.374.247.061.717;-92.783.256.233.435;-0.212582757768143;0.248627221685306;10;1
128.482.800.419.622;-0.168517790986199;18.090.790.506.459;439.626.465.857.127;-104.620.293.760.679;-238.350.165.343.606;-925.991.668.196.585;-0.244027974328503;0.245874801679959;10;1
12.807.780.466.599;-0.169515338332967;17.726.206.299.302;-348.342.344.758.167;-104.220.686.930.369;-233.383.024.819.945;-926.766.213.181.137;-0.248682234077313;0.24336580386165;10;1
127.651.334.950.375;-0.165502038265216;172.715.990.601.289;-898.573.770.682.674;-103.830.221.654.346;-228.494.806.438.338;-929.842.551.399.733;-0.230532485723224;0.241059472854947;10;1
127.239.514.839.323;-0.156860521908366;168.427.968.491.047;-123.887.545.598.916;-103.445.474.748.425;-223.565.089.688.441;-934.385.814.307.218;-0.198035052560945;0.238878114833574;10;1
126.875.912.390.029;-0.144818392679759;165.129.739.509.602;-142.329.741.209.955;-103.063.712.945.174;-218.609.173.905.052;-939.355.523.779.698;-0.161277376968432;0.236730401426969;10;1
126.587.056.328.108;-0.131303573655472;163.060.405.761.505;-151.952.545.551.633;-102.683.468.276.722;-213.624.748.095.584;-943.787.363.611.411;-0.129610161135044;0.23456811710085;10;1
126.389.041.279.222;-0.118563601698898;16.203.522.401.168;-159.434.177.595.636;-10.230.437.875.659;-208.557.829.470.663;-946.928.515.950.972;-0.110433062316911;0.232392314242746;10;1
126.277.762.861.293;-0.108613307602461;161.441.823.892.425;-170.053.323.476.324;-101.927.685.967.579;-203.426.743.530.284;-948.352.855.742.068;-0.107833423886772;0.230222519253935;10;1
126.220.435.790.743;-0.102639560580404;160.450.881.186.263;-186.817.430.851.675;-101.557.244.106.289;-198.432.975.420.213;-948.055.528.813.765;-0.12143690308824;0.22808237015664;10;1
126.155.536.345.619;-0.10056652248952;158.388.166.803.482;-210.201.424.882.928;-101.199.352.214.717;-193.850.063.665.939;-946.378.989.559.179;-0.147350447555395;0.226015429914829;10;1
126.006.935.996.442;-0.101018893034589;154.858.544.566.478;-238.484.075.757.526;-100.861.004.867.269;-189.799.166.055.035;-943.873.250.868.808;-0.179972828967614;0.224104461921196;10;1
125.724.915.766.213;-0.101835390220531;149.708.358.064.784;-268.511.590.447.579;-100.547.815.256.737;-186.175.778.181.458;-9.412.207.758.486;-0.212867343515958;0.222436378996029;10;1
125.335.598.360.239;-0.101031948933767;143.081.447.181.627;-296.658.340.328.851;-100.262.751.541.152;-1.827.459.151.255;-939.096.060.014.974;-0.239944078901544;0.221022162054931;10;1
124.943.301.222.148;-0.0977861803519204;135.398.026.297.486;-319.758.005.986.149;-100.005.915.987.474;-179.258.574.747.688;-937.948.777.999.253;-0.257357230329154;0.219772955890931;10;1
124.667.999.927.211;-0.0928696163406503;127.118.964.794.733;-335.819.854.963.481;-997.751.942.177.498;-175.568.289.556.314;-937.951.785.418.836;-0.263755236736831;0.21856557770829;10;1
12.456.622.284.899;-0.0881971768040935;118.637.047.415.221;-34.443.546.818.615;-995.671.874.634.569;-171.723.185.955.081;-939.114.123.916.769;-0.258979624141533;0.217312322190867;10;1
12.459.154.641.176;-0.0856926514867157;110.441.657.318.141;-346.858.647.362.884;-993.773.918.592.578;-167.845.443.539.244;-941.281.037.016.396;-0.244302720550879;0.215969732185526;10;1
12.461.743.087.126;-0.0861275012707447;103.104.616.015.958;-345.736.747.483.123;-992.000.558.390.713;-163.958.437.045.041;-944.018.950.275.024;-0.223926914065069;0.214503540614796;10;1
124.509.426.043.848;-0.0886584614201828;96.893.809.680.928;-344.473.196.707.425;-990.292.205.355.714;-160.009.518.911.069;-946.660.129.720.216;-0.204523952552327;0.212862399522586;10;1
12.420.593.838.911;-0.0914067975249987;914.782.017.701.165;-346.337.361.706.371;-98.860.909.056.732;-156.016.652.530.392;-948.570.819.711.683;-0.192316518052234;0.211006536269;10;1
123.763.133.316.291;-0.0928000335779667;861.555.930.159.295;-353.622.861.938.249;-98.695.016.886.166;-152.192.217.286.058;-949.406.206.667.357;-0.190351412596334;0.208959581570344;10;1
123.335.417.548.545;-0.0928880338501029;803.949.986.894.511;-367.153.889.421.847;-985.353.627.599.745;-148.919.275.312.154;-949.113.396.072.075;-0.19853412033876;0.206797247780292;10;1
123.086.788.669.102;-0.0937670038584668;740.460.693.936.601;-386.205.255.737.455;-983.877.275.962.435;-146.542.116.792.931;-947.749.322.413.751;-0.215772799223908;0.204588092429903;10;1
123.078.234.872.842;-0.0987097760634165;670.531.101.317.218;-40.867.733.217.198;-982.576.496.966.403;-145.166.848.593.158;-945.417.698.555.794;-0.24089250608716;0.202372318110376;10;1
123.214.074.082.236;-0.110392059697423;592.382.963.217.701;-431.367.565.828.102;-981.494.590.131.112;-144.661.803.967.658;-942.392.777.720.349;-0.271397050464449;0.200177247219252;10;1
123.290.303.224.173;-0.129231675209901;504.026.491.479.538;-45.032.952.644.337;-980.659.907.748.116;-144.729.329.984.673;-93.917.875.283.778;-0.302787891788928;0.19801312200018;10;1
123.115.307.961.462;-0.152870389325031;403.860.478.710.546;-461.407.088.707.016;-98.007.952.376.321;-144.880.809.634.913;-936.419.980.608.294;-0.329505819416525;0.19584800091661;10;1
12.263.196.196.355;-0.177162071157208;291.014.378.274.167;-461.016.176.493.659;-97.973.402.823.747;-144.511.798.771.075;-93.481.952.230.026;-0.345617197716079;0.193616613943247;10;1
121.957.779.586.233;-0.198086725747409;168.947.163.056.122;-447.139.058.953.498;-979.580.554.383.303;-143.226.106.247.806;-935.027.806.470.787;-0.345394802737077;0.191292630639132;10;1
121.300.207.893.776;-0.213416604512827;0.490212645148428;-420.277.815.392.348;-979.562.758.962.511;-141.135.217.886.547;-937.339.462.764.852;-0.325811349202141;0.18896460409788;10;1
120.807.367.472.492;-0.223158874902686;-0.529155767356331;-38.388.645.227.086;-979.628.477.019.597;-138.812.648.535.636;-941.371.577.359.397;-0.289767727567783;0.186823784406374;10;1
120.474.927.891.883;-0.228671563580493;-125.740.250.245.786;-343.846.046.035.086;-979.751.453.762.048;-136.929.097.013.177;-946.088.046.914.539;-0.246437282959365;0.185060429275123;10;1
120.174.522.075.818;-0.231247954938213;-16.938.959.918.964;-306.981.327.535.011;-979.943.022.827.381;-135.930.794.714.264;-950.221.095.029.238;-0.207619261997259;0.18376596478843;10;1
119.767.942.528.048;-0.231225191795362;-193.127.886.813.243;-279.142.087.708.396;-980.245.228.492.849;-135.989.612.546.952;-952.765.402.123.292;-0.182937876747829;0.182911062349438;10;1
119.212.886.780.915;-0.228158250089517;-209.104.511.618.909;-263.564.243.588.234;-980.710.361.546.454;-137.063.141.839.219;-95.322.215.896.184;-0.17733238088754;0.182371304394964;10;1
118.585.543.363.795;-0.221766249076858;-228.020.653.237.224;-259.996.934.900.112;-981.380.724.264.518;-138.935.171.616.552;-951.585.230.937.899;-0.191124996015883;0.1819584925697;10;1
118.016.859.508.002;-0.212837491127438;-259.004.479.128.993;-264.725.204.026.215;-982.281.126.851.985;-141.303.655.300.261;-948.271.934.967.098;-0.220585895359864;0.181453837343882;10;1
117.599.983.309.926;-0.203393390525221;-309.953.468.051.619;-271.420.272.270.021;-983.421.529.160.962;-143.882.892.908.679;-944.097.910.628.551;-0.258049346921259;0.180657073597595;10;1
117.337.998.528.916;-0.195983920807691;-38.517.153.854.229;-272.699.406.897.433;-984.798.779.874.612;-146.465.312.983.242;-940.212.656.876.315;-0.292458752852257;0.179468242425938;10;1
117.158.958.836.325;-0.192553799223158;-480.754.840.215.355;-262.167.325.546.639;-986.393.746.469.582;-149.005.041.490.968;-937.858.331.802.205;-0.31160759481231;0.177974398628002;10;1
116.966.979.277.255;-0.193514165317038;-581.782.196.484.359;-236.447.064.815.972;-988.165.140.266.532;-15.163.313.258.077;-937.908.248.607.957;-0.306667548271196;0.176445366842224;10;1
116.683.537.970.466;-0.197457233016712;-66.710.434.954.637;-196.477.849.167.553;-990.045.276.410.916;-154.485.321.039.244;-940.423.873.264.425;-0.276833164508961;0.175177556588353;10;1
116.268.502.841.213;-0.201595466812685;-720.305.028.051.511;-147.480.015.155.876;-991.950.699.494.441;-157.562.161.280.626;-944.627.013.715.558;-0.229813467204547;0.174302662399535;10;1
115.734.600.543.488;-0.202708710309895;-737.089.276.011.289;-975.357.190.433.913;-993.810.266.254.441;-160.791.314.019.201;-949.297.020.138.622;-0.177818120719055;0.17373548263914;10;1
115.146.489.998.547;-0.198213159468263;-72.419.903.782.946;-553.598.549.592.409;-995.587.188.518.412;-164.050.761.786.468;-953.208.275.562.372;-0.133225208013256;0.173258061885788;10;1
11.458.749.012.694;-0.186945578152937;-694.358.766.560.144;-2.810.252.560.534;-997.276.531.730.989;-167.089.869.070.095;-955.432.442.188.638;-0.105723487189538;0.172635947274127;10;1
114.117.043.181.207;-0.169411822907953;-661.526.376.920.277;-198.438.112.903.528;-998.891.452.025.626;-169.653.677.370.158;-955.563.377.972.195;-0.0998316278000857;0.17170856767136;10;1
113.754.177.382.318;-0.147518957938831;-636.825.744.869.217;-310.441.370.151.074;-100.045.213.591.033;-171.696.093.582.133;-953.761.563.487.858;-0.114042182373293;0.170429805164417;10;1
113.487.136.941.048;-0.124025906318527;-627.076.278.713.294;-588.518.228.127.162;-10.019.767.879.896;-173.316.864.228.331;-950.551.917.143.707;-0.142908702571825;0.168852033817628;10;1
11.329.205.788.484;-0.101986034963214;-637.103.719.540.418;-979.965.264.944.997;-100.348.207.184.153;-174.627.037.453.139;-946.607.247.591.763;-0.179452633674106;0.167080654029363;10;1
113.148.169.554.446;-0.0843441173882361;-671.745.937.917.725;-142.049.033.597.895;-10.049.956.763.367;-17.579.999.334.442;-942.688.862.737.326;-0.21572034938376;0.165249844972708;10;1
